{"accuracy": [0.1111111119389534, 0.22427983582019806, 0.3328189253807068, 0.40740740299224854, 0.47325101494789124, 0.5308641791343689, 0.6116254925727844, 0.6661522388458252, 0.7129629850387573, 0.7875514626502991, 0.8225308656692505, 0.8353909254074097, 0.8580247163772583, 0.8960905075073242, 0.8945473432540894, 0.9125514626502991, 0.9583333134651184, 0.9495884776115417, 0.9156378507614136, 0.9506173133850098, 0.951646089553833, 0.9506173133850098, 0.9593621492385864, 0.9480452537536621, 0.9773662686347961, 0.9943415522575378, 0.9763374328613281, 0.9614197611808777, 0.9650205969810486, 0.9902263283729553, 0.9850823283195496, 0.970678985118866, 0.9742798209190369, 0.9912551641464233, 0.9830247163772583, 0.9681069850921631, 0.9814814925193787, 0.959876537322998, 0.9696502089500427, 0.9819958806037903, 0.9876543283462524, 0.9938271641731262, 0.9830247163772583, 0.9927983283996582, 0.9881687164306641, 0.9763374328613281, 0.951646089553833, 0.9938271641731262, 0.9963991641998291, 0.9994856119155884, 1.0, 0.9701645970344543, 0.9881687164306641, 0.9825102686882019, 0.9830247163772583, 0.9994856119155884, 1.0, 0.9994856119155884, 0.9927983283996582, 0.9825102686882019, 0.9938271641731262, 0.9994856119155884, 0.9963991641998291, 0.9789094924926758, 0.9891975522041321, 0.9845678806304932, 0.9881687164306641, 0.9938271641731262, 0.9768518805503845, 0.9927983283996582, 0.971707820892334, 1.0, 0.9994856119155884, 1.0, 1.0, 1.0, 1.0, 0.9979423880577087, 0.9871399402618408, 0.9855967164039612, 0.9763374328613281, 0.9948559403419495, 0.9876543283462524, 0.9891975522041321, 0.9922839403152466, 0.9871399402618408, 0.9855967164039612, 0.991769552230835, 0.9922839403152466, 0.9948559403419495, 0.9871399402618408, 0.9933127760887146, 0.9974279999732971, 1.0, 0.998971164226532, 0.9891975522041321, 0.9897119402885437, 0.9814814925193787, 0.9886831045150757, 0.9881687164306641], "loss": [2.7353968620300293, 2.4463396072387695, 2.157310724258423, 1.9272655248641968, 1.758225917816162, 1.6214994192123413, 1.3979390859603882, 1.2021580934524536, 1.061370849609375, 0.826664924621582, 0.7350770235061646, 0.6678667068481445, 0.6076473593711853, 0.4894803464412689, 0.45164746046066284, 0.40336117148399353, 0.22665785253047943, 0.2264680564403534, 0.3542540371417999, 0.25194185972213745, 0.21343496441841125, 0.2278951108455658, 0.20089666545391083, 0.24468788504600525, 0.12233678996562958, 0.04050673171877861, 0.10137368738651276, 0.20026768743991852, 0.2073279619216919, 0.07041197270154953, 0.09652373939752579, 0.19339923560619354, 0.13172902166843414, 0.04881389066576958, 0.07050900161266327, 0.162122443318367, 0.1173272654414177, 0.23504142463207245, 0.1686028242111206, 0.1167617216706276, 0.06772908568382263, 0.03594733402132988, 0.08948823809623718, 0.05485934764146805, 0.08211681246757507, 0.15884461998939514, 0.23266379535198212, 0.04275891184806824, 0.02052425593137741, 0.008245766162872314, 0.003581593744456768, 0.1797465682029724, 0.06995713710784912, 0.0936267077922821, 0.09282462298870087, 0.012297743000090122, 0.003825508989393711, 0.00387775432318449, 0.029462384060025215, 0.10296088457107544, 0.05513197183609009, 0.0074913292191922665, 0.019302211701869965, 0.10266458988189697, 0.0649569109082222, 0.10619332641363144, 0.059033289551734924, 0.029762914404273033, 0.14364926517009735, 0.048075590282678604, 0.15364444255828857, 0.011616168543696404, 0.005856416188180447, 0.0026287147775292397, 0.002215803135186434, 0.0014437101781368256, 0.001545603503473103, 0.00659511424601078, 0.07721258699893951, 0.07193727046251297, 0.09451411664485931, 0.027876053005456924, 0.06300552189350128, 0.08686843514442444, 0.057167645543813705, 0.05651815980672836, 0.06144120544195175, 0.05347190424799919, 0.040278829634189606, 0.03143122419714928, 0.05913126841187477, 0.04893143102526665, 0.017770929262042046, 0.003290839260444045, 0.009714527986943722, 0.054186973720788956, 0.03887876495718956, 0.09814318269491196, 0.06843873113393784, 0.07855404168367386], "val_accuracy": [0.21965020895004272, 0.3297325074672699, 0.40072017908096313, 0.5210905075073242, 0.595678985118866, 0.6466049551963806, 0.7427983283996582, 0.8029835224151611, 0.8605967164039612, 0.8724279999732971, 0.8904321193695068, 0.9567901492118835, 0.9459876418113708, 0.9320987462997437, 0.9681069850921631, 0.9758230447769165, 0.9912551641464233, 0.951646089553833, 0.9655349850654602, 0.9897119402885437, 0.9840534925460815, 0.991769552230835, 0.9778806567192078, 0.9902263283729553, 0.9912551641464233, 0.9994856119155884, 0.9897119402885437, 0.9248971343040466, 0.998971164226532, 0.9876543283462524, 0.9758230447769165, 0.9927983283996582, 1.0, 1.0, 0.9902263283729553, 0.9886831045150757, 0.9927983283996582, 0.971707820892334, 0.9933127760887146, 0.9912551641464233, 0.9984567761421204, 0.9984567761421204, 0.9871399402618408, 0.9943415522575378, 0.9948559403419495, 0.9984567761421204, 0.9845678806304932, 0.9984567761421204, 1.0, 1.0, 1.0, 0.991769552230835, 0.9825102686882019, 0.959876537322998, 0.998971164226532, 1.0, 1.0, 1.0, 0.9974279999732971, 0.971707820892334, 1.0, 0.9984567761421204, 0.9938271641731262, 0.9912551641464233, 1.0, 0.9953703880310059, 0.9984567761421204, 0.9938271641731262, 0.9840534925460815, 0.991769552230835, 1.0, 1.0, 1.0, 1.0, 1.0, 1.0, 1.0, 1.0, 0.9969135522842407, 0.9840534925460815, 0.9994856119155884, 1.0, 0.9979423880577087, 0.9861111044883728, 0.9984567761421204, 0.9907407164573669, 0.998971164226532, 1.0, 0.9984567761421204, 0.9783950448036194, 0.9953703880310059, 0.9984567761421204, 0.9994856119155884, 1.0, 0.9958847761154175, 0.9984567761421204, 0.9938271641731262, 0.9963991641998291, 0.9994856119155884, 0.9922839403152466], "val_loss": [2.532838821411133, 2.1720805168151855, 2.0008044242858887, 1.6559380292892456, 1.5238405466079712, 1.3102620840072632, 1.0542948246002197, 0.835627555847168, 0.6790030598640442, 0.6083929538726807, 0.5641714930534363, 0.3359960913658142, 0.35771700739860535, 0.39740827679634094, 0.23572348058223724, 0.19500310719013214, 0.09990042448043823, 0.2216673195362091, 0.21654605865478516, 0.09654984623193741, 0.11939143389463425, 0.0949842557311058, 0.13020506501197815, 0.09579143673181534, 0.06793949007987976, 0.021011631935834885, 0.07741131633520126, 0.29318246245384216, 0.04362655058503151, 0.08519745618104935, 0.10740009695291519, 0.07412119209766388, 0.026136578992009163, 0.012229987420141697, 0.045839350670576096, 0.10272160172462463, 0.06042007729411125, 0.1966119259595871, 0.04613577947020531, 0.05910969525575638, 0.014222068712115288, 0.01628638058900833, 0.07028496265411377, 0.034078776836395264, 0.031386811286211014, 0.02705220691859722, 0.07838372141122818, 0.0157946664839983, 0.003992757294327021, 0.0021391110494732857, 0.0011996312532573938, 0.05443337932229042, 0.08415257185697556, 0.2854018807411194, 0.012386156246066093, 0.0030695132445544004, 0.0013803236652165651, 0.0010139225050807, 0.013674156740307808, 0.11187610775232315, 0.005646389909088612, 0.006691805552691221, 0.029982609674334526, 0.06272826343774796, 0.0064082578755915165, 0.04336332157254219, 0.01284065842628479, 0.033213067799806595, 0.07028594613075256, 0.04356752336025238, 0.013257432729005814, 0.003022855846211314, 0.0012821248965337873, 0.0010358160361647606, 0.0005666327779181302, 0.0004034959711134434, 0.0004751464875880629, 0.0013082982040941715, 0.014796057716012001, 0.07713489234447479, 0.005620231386274099, 0.003623320022597909, 0.013229992240667343, 0.1402437537908554, 0.010030482895672321, 0.04200746864080429, 0.013168341480195522, 0.005718641448765993, 0.013073289766907692, 0.08487013727426529, 0.016985274851322174, 0.014310049824416637, 0.005890893284231424, 0.000538117834366858, 0.02503914199769497, 0.01136201061308384, 0.018911071121692657, 0.028637496754527092, 0.014288907870650291, 0.03916184976696968]}